,train_rmse,train_r2,val_rmse,val_r2,feats,patience,num_layers,shape,activ_func,dropout_rate,batch_size,lr
0,14.906968691989036,0.003862635482474,15.973069867946313,-0.1565667183469397,all_feats,50,3,"[128, 32, 8]",relu,0.0,2,0.001
1,14.653093918045752,0.0379326045961326,14.72832417538364,0.0209491718342136,all_feats,50,3,"[128, 32, 8]",relu,0.0,2,0.001
2,20.88184848995826,-0.9553329371646692,16.83241617296265,-0.280357776997747,all_feats,50,3,"[128, 32, 8]",relu,0.25,2,0.001
3,22.35151887312617,-1.2743263524968171,17.614227408004997,-0.423875134381365,all_feats,50,3,"[128, 32, 8]",relu,0.5,2,0.001
4,10.272445334317265,0.5269178179786663,13.825358863938987,0.137748532656524,all_feats,50,3,"[128, 32, 8]",relu,0.0,8,0.001
5,17.963493958921408,-0.4519421638129151,14.258017880885015,0.0722202200390993,all_feats,50,3,"[128, 32, 8]",relu,0.25,8,0.001
6,20.97481250921745,-0.9713836560548312,14.080352627710235,0.1046042181762343,all_feats,50,3,"[128, 32, 8]",relu,0.5,8,0.001
7,5.214984161648991,0.8761765532663581,14.565443484765536,0.0423823213775802,all_feats,50,3,"[128, 32, 8]",relu,0.0,32,0.001
8,17.622908173858583,-0.3912869097357633,13.824846323437516,0.1369031122328827,all_feats,50,3,"[128, 32, 8]",relu,0.25,32,0.001
9,22.7227064483535,-1.3233293723332438,15.059411070773995,-0.0257411475947942,all_feats,50,3,"[128, 32, 8]",relu,0.5,32,0.001
10,5.141416241731525,0.8806053693723997,15.161942978736096,-0.0395265808778971,all_feats,50,3,"[128, 32, 8]",relu,0.0,128,0.001
11,17.835027886207886,-0.4262922759726986,14.113162727558016,0.101575417933994,all_feats,50,3,"[128, 32, 8]",relu,0.25,128,0.001
12,25.352123118297563,-1.8798516007138253,17.26116191503623,-0.3530567555963391,all_feats,50,3,"[128, 32, 8]",relu,0.5,128,0.001
13,14.697569790121292,0.0316444217675167,15.658826727161758,-0.1194037565682803,percent_features,50,3,"[128, 32, 8]",relu,0.0,2,0.001
14,20.25204356428852,-0.8463703210829895,15.277338123522194,-0.0552274679435845,percent_features,50,3,"[128, 32, 8]",relu,0.25,2,0.001
15,18.53090514592402,-0.5420734260516618,14.996606009657372,-0.0159345988167322,percent_features,50,3,"[128, 32, 8]",relu,0.5,2,0.001
16,10.960102366232867,0.4611432070860212,13.489761931241508,0.1775962666551905,percent_features,50,3,"[128, 32, 8]",relu,0.0,8,0.001
17,17.86116424331478,-0.4309450572298419,13.314829735062297,0.1996177829753292,percent_features,50,3,"[128, 32, 8]",relu,0.25,8,0.001
18,20.720155177271245,-0.9236542532363076,13.78400781543217,0.1422320223374606,percent_features,50,3,"[128, 32, 8]",relu,0.5,8,0.001
19,7.591223558173583,0.740836682224842,14.494975027283846,0.0527738525194041,percent_features,50,3,"[128, 32, 8]",relu,0.0,32,0.001
20,17.383868967830477,-0.3555158487387441,13.664680773167415,0.1570062524744896,percent_features,50,3,"[128, 32, 8]",relu,0.25,32,0.001
21,25.118029769204732,-1.8278409818119592,15.78948831547432,-0.1284926687530533,percent_features,50,3,"[128, 32, 8]",relu,0.5,32,0.001
22,6.874412117797883,0.7878227169834171,14.589574096605016,0.0400258569781381,percent_features,50,3,"[128, 32, 8]",relu,0.0,128,0.001
23,18.060909111951712,-0.4627644281268424,13.863157750537392,0.1318491774784383,percent_features,50,3,"[128, 32, 8]",relu,0.25,128,0.001
24,25.267939235519588,-1.861853060300412,17.679201002891404,-0.4239548784167141,percent_features,50,3,"[128, 32, 8]",relu,0.5,128,0.001
25,14.700131783571068,0.0309581515610789,14.761043438932976,0.0128064655927615,high_corrs,50,3,"[128, 32, 8]",relu,0.0,2,0.001
26,20.20881229499661,-0.831144134333109,16.741762489558337,-0.2668747523856737,high_corrs,50,3,"[128, 32, 8]",relu,0.25,2,0.001
27,23.40076333691344,-1.46755994492244,18.446800781121038,-0.5649052478574361,high_corrs,50,3,"[128, 32, 8]",relu,0.5,2,0.001
28,11.454325067411435,0.4120597468841679,12.889167672905192,0.2508883886983628,high_corrs,50,3,"[128, 32, 8]",relu,0.0,8,0.001
29,17.25936761713125,-0.3366353092661056,12.914319098366263,0.2473022547485048,high_corrs,50,3,"[128, 32, 8]",relu,0.25,8,0.001
30,21.411932247597093,-1.0553867961793766,13.71593023875704,0.1505860346038641,high_corrs,50,3,"[128, 32, 8]",relu,0.5,8,0.001
31,8.014992469643667,0.7111885525120709,14.15250980461509,0.0950504098173196,high_corrs,50,3,"[128, 32, 8]",relu,0.0,32,0.001
32,18.043754706763337,-0.460515357964765,13.44358832200076,0.1842240113935944,high_corrs,50,3,"[128, 32, 8]",relu,0.25,32,0.001
33,22.24897828148592,-1.2276776396296696,14.861882161202974,-0.0098759866230065,high_corrs,50,3,"[128, 32, 8]",relu,0.5,32,0.001
34,7.386649022845288,0.7548884423261866,14.679959366623658,0.0281578297804566,high_corrs,50,3,"[128, 32, 8]",relu,0.0,128,0.001
35,18.38652692511652,-0.5149841649101715,13.425241415925507,0.1856529815601032,high_corrs,50,3,"[128, 32, 8]",relu,0.25,128,0.001
36,25.96634124437233,-2.021543011604441,18.13033331386026,-0.4913686192053322,high_corrs,50,3,"[128, 32, 8]",relu,0.5,128,0.001
37,14.778872819414914,0.0203145630848032,15.092591970817008,-0.0292730699800367,grades_only,50,3,"[128, 32, 8]",relu,0.0,2,0.001
38,20.499565231494515,-0.8851547993243072,15.822580909302806,-0.1398992982157746,grades_only,50,3,"[128, 32, 8]",relu,0.25,2,0.001
39,22.388813919994845,-1.2732906151102408,16.8706928482127,-0.2938366078008685,grades_only,50,3,"[128, 32, 8]",relu,0.5,2,0.001
40,12.144841579994727,0.3389388900725648,12.815980596894075,0.2584332769492707,grades_only,50,3,"[128, 32, 8]",relu,0.0,8,0.001
41,17.66525658383355,-0.4006434474812977,13.150221758814194,0.2185505421737708,grades_only,50,3,"[128, 32, 8]",relu,0.25,8,0.001
42,20.82391704881616,-0.9449083634287913,14.105960644857134,0.1008978917519583,grades_only,50,3,"[128, 32, 8]",relu,0.5,8,0.001
43,10.04771247272674,0.5473554282474156,13.412901395569303,0.1877896159007254,grades_only,50,3,"[128, 32, 8]",relu,0.0,32,0.001
44,18.287301069932838,-0.50088419049399,13.542139894351235,0.1722209238223675,grades_only,50,3,"[128, 32, 8]",relu,0.25,32,0.001
45,24.34651673798059,-1.6627460500308675,15.899776728982236,-0.1551512084268853,grades_only,50,3,"[128, 32, 8]",relu,0.5,32,0.001
46,9.064939844563805,0.6311959000876687,13.945188175163056,0.1211663078202018,grades_only,50,3,"[128, 32, 8]",relu,0.0,128,0.001
47,18.75753728406088,-0.5780134179129611,13.665968319216494,0.1570363845684296,grades_only,50,3,"[128, 32, 8]",relu,0.25,128,0.001
48,26.09208888439584,-2.051157654351674,17.359120698825432,-0.3684944123935648,grades_only,50,3,"[128, 32, 8]",relu,0.5,128,0.001
49,14.494316731066792,0.0586100852341152,15.13787223916032,-0.0376784847189241,grades_offense,50,3,"[128, 32, 8]",relu,0.0,2,0.001
50,20.54692604237969,-0.8962021595690903,16.173668239827347,-0.1981350222041915,grades_offense,50,3,"[128, 32, 8]",relu,0.25,2,0.001
51,20.73062308026619,-0.9376200855777412,16.278558270271493,-0.2015534134215538,grades_offense,50,3,"[128, 32, 8]",relu,0.5,2,0.001
52,12.507484297417935,0.2992121308431054,12.980773910260137,0.2386299783909904,grades_offense,50,3,"[128, 32, 8]",relu,0.0,8,0.001
53,17.929690269244084,-0.44706928531681,13.053509146567304,0.232123649907336,grades_offense,50,3,"[128, 32, 8]",relu,0.25,8,0.001
54,20.887882153112603,-0.959364642748563,13.71539515897002,0.1507393235286077,grades_offense,50,3,"[128, 32, 8]",relu,0.5,8,0.001
55,10.908028083667572,0.4667368475311806,13.350993951879412,0.1943091639378603,grades_offense,50,3,"[128, 32, 8]",relu,0.0,32,0.001
56,18.802155234271897,-0.5852669125080421,13.365047517862,0.1930663875073311,grades_offense,50,3,"[128, 32, 8]",relu,0.25,32,0.001
57,23.43397795421097,-1.467168815224636,15.512172867027422,-0.0970201084780468,grades_offense,50,3,"[128, 32, 8]",relu,0.5,32,0.001
58,10.068453233731026,0.5458070196004836,13.686630536196764,0.1525277878528997,grades_offense,50,3,"[128, 32, 8]",relu,0.0,128,0.001
59,18.87334146691734,-0.5965779533484238,13.82784087576979,0.1365550867287485,grades_offense,50,3,"[128, 32, 8]",relu,0.25,128,0.001
60,25.826643744122443,-1.993193502192964,17.38247172020059,-0.3667168243092013,grades_offense,50,3,"[128, 32, 8]",relu,0.5,128,0.001
61,14.85140671854626,0.0115340327182269,14.824177418266478,0.0078479133948942,tds,50,3,"[128, 32, 8]",relu,0.0,2,0.001
62,19.80647198048149,-0.7745584786140245,15.164602461239898,-0.0386689796054773,tds,50,3,"[128, 32, 8]",relu,0.25,2,0.001
63,22.85252299838015,-1.363024413443854,18.23535428210141,-0.5022950878421788,tds,50,3,"[128, 32, 8]",relu,0.5,2,0.001
64,12.286852627270108,0.3236404419328629,12.776941827096092,0.2639372093995656,tds,50,3,"[128, 32, 8]",relu,0.0,8,0.001
65,18.107256514353622,-0.4720293275725303,13.546002871541862,0.1698167930242275,tds,50,3,"[128, 32, 8]",relu,0.25,8,0.001
66,21.502792635266974,-1.0713805667481346,14.033384293805112,0.1102063253631899,tds,50,3,"[128, 32, 8]",relu,0.5,8,0.001
67,10.120548228770156,0.5407925146391445,13.547672266484938,0.1671884105942164,tds,50,3,"[128, 32, 8]",relu,0.0,32,0.001
68,18.156910803380224,-0.4784818346326522,13.412619606877584,0.1871117455752959,tds,50,3,"[128, 32, 8]",relu,0.25,32,0.001
69,23.95272218928548,-1.5787618392167235,15.684572678849182,-0.1239819145671288,tds,50,3,"[128, 32, 8]",relu,0.5,32,0.001
70,9.377258690583506,0.605980494555082,13.917538194835569,0.1255096413129367,tds,50,3,"[128, 32, 8]",relu,0.0,128,0.001
71,19.089119725289333,-0.6333052324940933,13.730850101939648,0.148709898441725,tds,50,3,"[128, 32, 8]",relu,0.25,128,0.001
72,25.95067013948618,-2.021020012999766,17.57335755656269,-0.3959186288583214,tds,50,3,"[128, 32, 8]",relu,0.5,128,0.001
73,14.99897504957525,-0.0084239315997115,15.76355184989878,-0.1205063098065643,intuition,50,3,"[128, 32, 8]",relu,0.0,2,0.001
74,20.67562937024731,-0.9242368343843882,16.238374797035995,-0.1906546374664715,intuition,50,3,"[128, 32, 8]",relu,0.25,2,0.001
75,18.592056775729294,-0.5508606029116845,14.823792285406356,0.0084323182883225,intuition,50,3,"[128, 32, 8]",relu,0.5,2,0.001
76,11.726254409127316,0.3838304465768229,13.279973922423636,0.2046089062125607,intuition,50,3,"[128, 32, 8]",relu,0.0,8,0.001
77,17.283911839312818,-0.3414812123724948,12.894893043666006,0.2502970490011805,intuition,50,3,"[128, 32, 8]",relu,0.25,8,0.001
78,21.76166564566384,-1.1239906824578196,13.726288459839996,0.150504924084137,intuition,50,3,"[128, 32, 8]",relu,0.5,8,0.001
79,9.101202801829029,0.6287385572865647,13.718423354767586,0.1493382111876268,intuition,50,3,"[128, 32, 8]",relu,0.0,32,0.001
80,18.12660422376594,-0.4721304668469363,13.148269142196682,0.2198046416081762,intuition,50,3,"[128, 32, 8]",relu,0.25,32,0.001
81,24.54044340310142,-1.712475294261857,15.349356320758698,-0.0695376093623393,intuition,50,3,"[128, 32, 8]",relu,0.5,32,0.001
82,8.608272589079345,0.667076908240402,14.333996579325625,0.0718373736029358,intuition,50,3,"[128, 32, 8]",relu,0.0,128,0.001
83,18.63576517278048,-0.5566792082934606,13.483966700198025,0.1767447292272912,intuition,50,3,"[128, 32, 8]",relu,0.25,128,0.001
84,26.26780263746128,-2.095238075492309,17.686655632661154,-0.4161518096873854,intuition,50,3,"[128, 32, 8]",relu,0.5,128,0.001
85,14.403389886147314,0.070543295575972,17.412760877363688,-0.3946071918628998,all_feats,50,3,"[4, 32, 32]",relu,0.0,2,0.001
86,17.152584983951478,-0.3189448954668913,17.872057228159555,-0.4449994761654465,all_feats,50,3,"[4, 32, 32]",relu,0.25,2,0.001
87,19.832825255336523,-0.7626920758967206,18.49674748408676,-0.5834451319623163,all_feats,50,3,"[4, 32, 32]",relu,0.5,2,0.001
88,12.11747540152578,0.3419691521980197,12.69229400678608,0.2739404817731865,all_feats,50,3,"[4, 32, 32]",relu,0.0,8,0.001
89,15.172744734364212,-0.0325682314120393,13.248368796236738,0.2091442799617588,all_feats,50,3,"[4, 32, 32]",relu,0.25,8,0.001
90,16.556887286107074,-0.2285960647886064,13.248005575574052,0.2090615346508368,all_feats,50,3,"[4, 32, 32]",relu,0.5,8,0.001
91,11.179533848810008,0.4400696772928189,13.031158279751637,0.2341493687308196,all_feats,50,3,"[4, 32, 32]",relu,0.0,32,0.001
92,14.374549119631064,0.0739289455398836,13.060514242240126,0.230395597412391,all_feats,50,3,"[4, 32, 32]",relu,0.25,32,0.001
93,18.2416568611353,-0.4911707928876625,14.352418325084493,0.0694899343619222,all_feats,50,3,"[4, 32, 32]",relu,0.5,32,0.001
94,11.069913006137591,0.4509115339489528,13.279601927272278,0.204759322125165,all_feats,50,3,"[4, 32, 32]",relu,0.0,128,0.001
95,14.813007257353174,0.0165393699433117,13.440391087436584,0.1854915430068974,all_feats,50,3,"[4, 32, 32]",relu,0.25,128,0.001
96,18.288210709318754,-0.4987895665959085,15.635068439390484,-0.1047320625242284,all_feats,50,3,"[4, 32, 32]",relu,0.5,128,0.001
97,14.359481791090776,0.0762986503168547,19.236827417913084,-0.6974483296412604,percent_features,50,3,"[4, 32, 32]",relu,0.0,2,0.001
98,17.046428126776135,-0.3020850503429012,17.893093405507933,-0.481521887411716,percent_features,50,3,"[4, 32, 32]",relu,0.25,2,0.001
99,18.13087755835868,-0.4782890953655337,15.795183014058688,-0.127170007591638,percent_features,50,3,"[4, 32, 32]",relu,0.5,2,0.001
100,12.672133798125714,0.2804996841439406,13.297886838175504,0.2016579276517025,percent_features,50,3,"[4, 32, 32]",relu,0.0,8,0.001
101,14.785269148195066,0.0196997527792354,13.139991660178598,0.2216402609029794,percent_features,50,3,"[4, 32, 32]",relu,0.25,8,0.001
102,16.69309058575339,-0.2489856211561869,13.23073842390966,0.21094010674797,percent_features,50,3,"[4, 32, 32]",relu,0.5,8,0.001
103,11.739980465374591,0.3825874246409182,12.858658389910556,0.2542785958132477,percent_features,50,3,"[4, 32, 32]",relu,0.0,32,0.001
104,14.938161314398355,0.0002645176041245,13.265149215952356,0.2060734835804885,percent_features,50,3,"[4, 32, 32]",relu,0.25,32,0.001
105,18.38293174408572,-0.5194944142733935,14.821972461720472,0.0062809041921842,percent_features,50,3,"[4, 32, 32]",relu,0.5,32,0.001
106,11.53794724825518,0.4035328452092438,13.030615380678856,0.2343662090956786,percent_features,50,3,"[4, 32, 32]",relu,0.0,128,0.001
107,14.943799262339413,-0.0014401646065104,14.215121048370886,0.0879553393442539,percent_features,50,3,"[4, 32, 32]",relu,0.25,128,0.001
108,18.84023867154911,-0.590680924565156,16.083171143254127,-0.1762534722430187,percent_features,50,3,"[4, 32, 32]",relu,0.5,128,0.001
109,14.28985888378985,0.0850971359492825,17.147448830971086,-0.3289004156351384,high_corrs,50,3,"[4, 32, 32]",relu,0.0,2,0.001
110,16.489958214084677,-0.2186053999729939,17.11774361825016,-0.3380868759812013,high_corrs,50,3,"[4, 32, 32]",relu,0.25,2,0.001
111,19.39081267243333,-0.6971327362273423,17.57574308208554,-0.4278596508434392,high_corrs,50,3,"[4, 32, 32]",relu,0.5,2,0.001
112,12.386236348130222,0.3127261359230425,12.660226303483292,0.2777107162217327,high_corrs,50,3,"[4, 32, 32]",relu,0.0,8,0.001
113,15.027216323946698,-0.0128632476999818,13.090358639671251,0.2273102998570621,high_corrs,50,3,"[4, 32, 32]",relu,0.25,8,0.001
114,16.72436366047608,-0.2539601966066234,13.265890667642372,0.2060638509508465,high_corrs,50,3,"[4, 32, 32]",relu,0.5,8,0.001
115,11.525152392827229,0.4049006888655338,12.723358977028308,0.269348477410734,high_corrs,50,3,"[4, 32, 32]",relu,0.0,32,0.001
116,14.736114264267124,0.0258739024422514,13.139164278739395,0.2212518332551611,high_corrs,50,3,"[4, 32, 32]",relu,0.25,32,0.001
117,18.72959448124857,-0.5725004010086548,14.513682648011129,0.0472846049650122,high_corrs,50,3,"[4, 32, 32]",relu,0.5,32,0.001
118,11.491672362938258,0.4083414593692734,12.560528686983208,0.2881364353385945,high_corrs,50,3,"[4, 32, 32]",relu,0.0,128,0.001
119,14.946585309581437,-0.0013601460468459,13.20236373503069,0.2144629931382788,high_corrs,50,3,"[4, 32, 32]",relu,0.25,128,0.001
120,18.506432842177293,-0.5342644374215639,15.042652437826046,-0.0209352639845755,high_corrs,50,3,"[4, 32, 32]",relu,0.5,128,0.001
121,14.348726876762663,0.0774963614037313,18.05194196883497,-0.4853047544844678,grades_only,50,3,"[4, 32, 32]",relu,0.0,2,0.001
122,17.01191720378569,-0.29703240075538,17.45472339490733,-0.3786255706972889,grades_only,50,3,"[4, 32, 32]",relu,0.25,2,0.001
123,19.002867483372064,-0.623100447478464,16.42394045125683,-0.2247504834545852,grades_only,50,3,"[4, 32, 32]",relu,0.5,2,0.001
124,12.75253790070923,0.2713525363674512,12.645061864954442,0.2794100144329443,grades_only,50,3,"[4, 32, 32]",relu,0.0,8,0.001
125,14.843170465750765,0.0119884952218617,13.326704096022109,0.1997146596044277,grades_only,50,3,"[4, 32, 32]",relu,0.25,8,0.001
126,16.99530136483358,-0.2955418968239804,13.74678936530997,0.1465838257580782,grades_only,50,3,"[4, 32, 32]",relu,0.5,8,0.001
127,12.075965759362656,0.3467107052348475,12.380509867113703,0.3089034043304069,grades_only,50,3,"[4, 32, 32]",relu,0.0,32,0.001
128,15.067547184724209,-0.0175085428418582,13.214788660739083,0.2123515837495516,grades_only,50,3,"[4, 32, 32]",relu,0.25,32,0.001
129,18.800149459395577,-0.5836082356705617,14.989308351542098,-0.0137675896099714,grades_only,50,3,"[4, 32, 32]",relu,0.5,32,0.001
130,11.79935949322909,0.376312017421934,12.742846893235315,0.2679049363736666,grades_only,50,3,"[4, 32, 32]",relu,0.0,128,0.001
131,15.436544090601933,-0.0677260951494067,13.993389240403634,0.1130123851618828,grades_only,50,3,"[4, 32, 32]",relu,0.25,128,0.001
132,18.634094050009544,-0.5556769533027326,16.33243108536603,-0.20615632920357,grades_only,50,3,"[4, 32, 32]",relu,0.5,128,0.001
133,14.505500373912502,0.0568162177842827,17.168719684721783,-0.33303653136118,grades_offense,50,3,"[4, 32, 32]",relu,0.0,2,0.001
134,17.260263804802356,-0.3349094543289027,17.601253953206967,-0.4196199581703552,grades_offense,50,3,"[4, 32, 32]",relu,0.25,2,0.001
135,20.31993245732416,-0.8522369872346527,19.118091625567807,-0.6756902551939963,grades_offense,50,3,"[4, 32, 32]",relu,0.5,2,0.001
136,12.830184667528195,0.2623780100632044,12.58163572084018,0.2863484742765227,grades_offense,50,3,"[4, 32, 32]",relu,0.0,8,0.001
137,14.721617882356805,0.0277703489826987,13.144878245702367,0.2216522442551981,grades_offense,50,3,"[4, 32, 32]",relu,0.25,8,0.001
138,17.090767230669265,-0.3092373129665388,13.28389709789356,0.2045259442637127,grades_offense,50,3,"[4, 32, 32]",relu,0.5,8,0.001
139,12.184583075224324,0.3348607975264927,12.589829066187573,0.2846587257976471,grades_offense,50,3,"[4, 32, 32]",relu,0.0,32,0.001
140,15.02282053128034,-0.0115398840779509,13.174920852422792,0.2176886463985003,grades_offense,50,3,"[4, 32, 32]",relu,0.25,32,0.001
141,18.675856207228826,-0.5639238671397553,15.282998882735855,-0.0645423268411065,grades_offense,50,3,"[4, 32, 32]",relu,0.5,32,0.001
142,11.977094965320369,0.3571510155453462,12.69012962506187,0.2728091954120109,grades_offense,50,3,"[4, 32, 32]",relu,0.0,128,0.001
143,15.096628804999687,-0.0210737733590416,13.515667193079594,0.1761028693723478,grades_offense,50,3,"[4, 32, 32]",relu,0.25,128,0.001
144,18.776192699335663,-0.5793825598568481,15.76698777177133,-0.125527847340119,grades_offense,50,3,"[4, 32, 32]",relu,0.5,128,0.001
145,14.434070577367766,0.0664500952128654,17.62474835349276,-0.4217243021193692,tds,50,3,"[4, 32, 32]",relu,0.0,2,0.001
146,16.656452757851344,-0.2429629151581497,17.711754676296938,-0.4203834786736264,tds,50,3,"[4, 32, 32]",relu,0.25,2,0.001
147,19.809081182409194,-0.7615350036203093,17.42487095733706,-0.4107016107394893,tds,50,3,"[4, 32, 32]",relu,0.5,2,0.001
148,12.706854210895804,0.2765295551832289,12.659511835018163,0.2759346544751936,tds,50,3,"[4, 32, 32]",relu,0.0,8,0.001
149,15.513834211738834,-0.0784120621195386,13.24749121824387,0.2072664575247422,tds,50,3,"[4, 32, 32]",relu,0.25,8,0.001
150,17.266104109546937,-0.3382653977680805,13.342314768626348,0.1974461043951962,tds,50,3,"[4, 32, 32]",relu,0.5,8,0.001
151,12.21734463717816,0.3313116243363042,12.762586746580876,0.2649933787753097,tds,50,3,"[4, 32, 32]",relu,0.0,32,0.001
152,14.894783810906716,0.0060325935710773,13.459189771033556,0.1822558488744228,tds,50,3,"[4, 32, 32]",relu,0.25,32,0.001
153,18.138454187998285,-0.4774656864039894,14.293197546412529,0.0795899503246953,tds,50,3,"[4, 32, 32]",relu,0.5,32,0.001
154,12.01660036458498,0.3530591004962172,12.7827109566602,0.2629272907691211,tds,50,3,"[4, 32, 32]",relu,0.0,128,0.001
155,15.38878195515074,-0.0611306220535889,13.898028979452652,0.1265930733470593,tds,50,3,"[4, 32, 32]",relu,0.25,128,0.001
156,18.575429241226608,-0.545875646788677,15.78411007547946,-0.128330705243558,tds,50,3,"[4, 32, 32]",relu,0.5,128,0.001
157,14.415758887905616,0.068989008519245,20.26950139963947,-0.9238454734404457,intuition,50,3,"[4, 32, 32]",relu,0.0,2,0.001
158,17.17854425369846,-0.3234241457585471,18.706912533383925,-0.5831600716782883,intuition,50,3,"[4, 32, 32]",relu,0.25,2,0.001
159,18.588087373187225,-0.5568364769736366,16.674592752124273,-0.2618041973137163,intuition,50,3,"[4, 32, 32]",relu,0.5,2,0.001
160,12.632536465280172,0.2850322750933934,12.73129726648317,0.2690246395419192,intuition,50,3,"[4, 32, 32]",relu,0.0,8,0.001
161,14.83142030827526,0.0137003476545914,13.115093648760688,0.2248890591453068,intuition,50,3,"[4, 32, 32]",relu,0.25,8,0.001
162,16.736154560421987,-0.2548810190186946,13.47182076936075,0.1810362703295951,intuition,50,3,"[4, 32, 32]",relu,0.5,8,0.001
163,12.08871771666782,0.3452588364644675,12.582967319664958,0.2855270384923341,intuition,50,3,"[4, 32, 32]",relu,0.0,32,0.001
164,14.855363245464227,0.0109055357725768,13.366597582983903,0.1933980998419546,intuition,50,3,"[4, 32, 32]",relu,0.25,32,0.001
165,17.935386251013455,-0.4452183155015419,15.065228381677434,-0.0241966375772025,intuition,50,3,"[4, 32, 32]",relu,0.5,32,0.001
166,11.843546686567588,0.3712795582786672,12.95890300702309,0.2417897768606682,intuition,50,3,"[4, 32, 32]",relu,0.0,128,0.001
167,15.051089941002392,-0.0157086951929379,13.845290322314671,0.1356897284949256,intuition,50,3,"[4, 32, 32]",relu,0.25,128,0.001
168,19.088945937650077,-0.6324472577092579,16.924963287948884,-0.2981338284087866,intuition,50,3,"[4, 32, 32]",relu,0.5,128,0.001
169,13.036320046482484,0.23837902192632338,18.56525068115622,-1.0008907353300012,all_feats,50,3,"[4, 32, 4]",relu,0.0,4,0.001
170,19.16372218236699,-0.6463378758222693,13.60231185197622,0.16517603560190555,all_feats,50,3,"[4, 32, 4]",relu,0.25,4,0.001
171,12.395475380361892,0.3113270726063243,14.908941140633459,-0.05927573213260597,all_feats,50,3,"[4, 32, 4]",relu,0.0,8,0.001
172,19.98211603796943,-0.7939441574755399,13.581263498410532,0.1673617080535379,all_feats,50,3,"[4, 32, 4]",relu,0.25,8,0.001
173,11.917464606518704,0.3637185962648851,13.135820932079213,0.21998022118883273,all_feats,50,3,"[4, 32, 4]",relu,0.0,16,0.001
174,21.05133979437055,-0.9929044754246175,14.229638469451206,0.08169276930720226,all_feats,50,3,"[4, 32, 4]",relu,0.25,16,0.001
175,13.203511698531855,0.21882630455135632,16.320770575784124,-0.2465836647462865,percent_features,50,3,"[4, 32, 4]",relu,0.0,4,0.001
176,19.564026165716637,-0.7172958688691595,13.84932822709477,0.13404139308462537,percent_features,50,3,"[4, 32, 4]",relu,0.25,4,0.001
177,12.620946407417616,0.28638890037592,12.790101338195985,0.26244952899913976,percent_features,50,3,"[4, 32, 4]",relu,0.0,8,0.001
178,20.449532221056465,-0.8846181421945435,14.043548330852417,0.10995672485246966,percent_features,50,3,"[4, 32, 4]",relu,0.25,8,0.001
179,12.300320802553959,0.32214009503123214,12.803338821650788,0.26029228582898345,percent_features,50,3,"[4, 32, 4]",relu,0.0,16,0.001
180,21.828160474823083,-1.144353979935563,14.012624240023962,0.11440423576720538,percent_features,50,3,"[4, 32, 4]",relu,0.25,16,0.001
181,13.260053953254019,0.21230921352578286,13.452777144809284,0.18344304926530292,high_corrs,50,3,"[4, 32, 4]",relu,0.0,4,0.001
182,19.98229849076113,-0.7905437138477579,13.764740339608272,0.14350315448609088,high_corrs,50,3,"[4, 32, 4]",relu,0.25,4,0.001
183,12.697896309062031,0.2774433886135411,12.545297767394086,0.2906366808650624,high_corrs,50,3,"[4, 32, 4]",relu,0.0,8,0.001
184,20.38957831405639,-0.8645334817127683,13.670095285332513,0.15636374822129165,high_corrs,50,3,"[4, 32, 4]",relu,0.25,8,0.001
185,12.088861650940167,0.34528776927273463,12.480921032401891,0.29724306791161,high_corrs,50,3,"[4, 32, 4]",relu,0.0,16,0.001
186,21.031149830359915,-0.9882596507865372,14.172095483270843,0.09211320928332271,high_corrs,50,3,"[4, 32, 4]",relu,0.25,16,0.001
187,13.366993312521497,0.19947672935248484,14.642888841931187,0.0028373037663713906,grades_only,50,3,"[4, 32, 4]",relu,0.0,4,0.001
188,19.872898009412054,-0.7784731726313178,14.15642179609701,0.09614234633375432,grades_only,50,3,"[4, 32, 4]",relu,0.25,4,0.001
189,12.882956382327388,0.2559088132063591,13.254720128483129,0.2053222785623981,grades_only,50,3,"[4, 32, 4]",relu,0.0,8,0.001
190,20.007066528291894,-0.7955266283284075,13.786084723124977,0.14258940630521333,grades_only,50,3,"[4, 32, 4]",relu,0.25,8,0.001
191,12.548855306279671,0.2943854765580018,12.544185133220973,0.2906048008265582,grades_only,50,3,"[4, 32, 4]",relu,0.0,16,0.001
192,22.32386290400713,-1.247595591298453,14.845498201548342,0.0007497466290536714,grades_only,50,3,"[4, 32, 4]",relu,0.25,16,0.001
193,13.241104879891623,0.21455175790305372,14.92342808646427,-0.023502763866083985,grades_offense,50,3,"[4, 32, 4]",relu,0.0,4,0.001
194,19.869716435458088,-0.7696916790953159,13.762289433492441,0.1461970510422259,grades_offense,50,3,"[4, 32, 4]",relu,0.25,4,0.001
195,12.85541037536658,0.259648959051899,12.978887973565701,0.23980297907891077,grades_offense,50,3,"[4, 32, 4]",relu,0.0,8,0.001
196,19.37790107848664,-0.6874600172665717,13.751268263943654,0.14743670276208937,grades_offense,50,3,"[4, 32, 4]",relu,0.25,8,0.001
197,12.490077596715789,0.301093067549735,12.651879455258367,0.27834057942436535,grades_offense,50,3,"[4, 32, 4]",relu,0.0,16,0.001
198,22.145826028916428,-1.2201205575819563,14.637814469496394,0.028067040577573543,grades_offense,50,3,"[4, 32, 4]",relu,0.25,16,0.001
199,13.380358116468368,0.19790609590833702,16.406056203105845,-0.29245053270247623,tds,50,3,"[4, 32, 4]",relu,0.0,4,0.001
200,19.916526376678917,-0.7877996026703078,14.007274770150087,0.11497612156308294,tds,50,3,"[4, 32, 4]",relu,0.25,4,0.001
201,12.781340034499753,0.26810676654147353,12.662190035970536,0.27734423389915003,tds,50,3,"[4, 32, 4]",relu,0.0,8,0.001
202,20.73814181890635,-0.9342773678115209,14.30369759106561,0.07439254705636122,tds,50,3,"[4, 32, 4]",relu,0.25,8,0.001
203,12.477767069843972,0.30240192500861246,12.517164198598898,0.2934141524254328,tds,50,3,"[4, 32, 4]",relu,0.0,16,0.001
204,21.785917777233973,-1.1355702901177651,14.378979347209514,0.06414237790026689,tds,50,3,"[4, 32, 4]",relu,0.25,16,0.001
205,13.272959395970991,0.21078561254298073,25.316234511649668,-2.723536006123707,intuition,50,3,"[4, 32, 4]",relu,0.0,4,0.001
206,19.69516117872566,-0.7403903546746656,13.988943293091983,0.11836608994453424,intuition,50,3,"[4, 32, 4]",relu,0.25,4,0.001
207,12.695277386602761,0.2778046799023114,13.078582498317498,0.22427234261217271,intuition,50,3,"[4, 32, 4]",relu,0.0,8,0.001
208,20.171900831787333,-0.8324128030419882,13.634308817490773,0.1607502158787694,intuition,50,3,"[4, 32, 4]",relu,0.25,8,0.001
209,12.377996080292528,0.3133869373063741,12.6220539276237,0.281355663887698,intuition,50,3,"[4, 32, 4]",relu,0.0,16,0.001
210,22.084413725409128,-1.1962664700269028,14.88664382221946,-0.0021915480780114738,intuition,50,3,"[4, 32, 4]",relu,0.25,16,0.001
